station_id,station_name,station_lat,station_lon,station_lat_lon,line_name,hexcolor
101,Van Cortlandt Park - 242 St,40.889247999999995,-73.898583,"(40.889248, -73.898583)",1,EE352E
103,238 St,40.884667,-73.90087,"(40.884667, -73.90087)",1,EE352E
104,231 St,40.878856,-73.904834,"(40.878856, -73.904834)",1,EE352E
106,Marble Hill - 225 St,40.874561,-73.90983100000001,"(40.874561, -73.909831)",1,EE352E
107,215 St,40.869444,-73.915279,"(40.869444, -73.915279)",1,EE352E
108,207 St,40.864621,-73.91882199999999,"(40.864621, -73.918822)",1,EE352E
109,Dyckman St,40.860531,-73.925536,"(40.860531, -73.925536)",1,EE352E
110,191 St,40.855225,-73.929412,"(40.855225, -73.929412)",1,EE352E
111,181 St,40.849505,-73.933596,"(40.849505, -73.933596)",1,EE352E
112,168 St - Washington Hts,40.840556,-73.94013299999999,"(40.840556, -73.940133)",1,EE352E
113,157 St,40.834041,-73.94489,"(40.834041, -73.94489)",1,EE352E
114,145 St,40.826551,-73.95036,"(40.826551, -73.95036)",1,EE352E
115,137 St - City College,40.822008000000004,-73.953676,"(40.822008, -73.953676)",1,EE352E
116,125 St,40.815581,-73.958372,"(40.815581, -73.958372)",1,EE352E
117,116 St - Columbia University,40.807722,-73.96410999999999,"(40.807722, -73.96411)",1,EE352E
118,Cathedral Pkwy,40.803967,-73.966847,"(40.803967, -73.966847)",1,EE352E
119,103 St,40.799446,-73.968379,"(40.799446, -73.968379)",1,EE352E
120,96 St,40.793919,-73.972323,"(40.793919, -73.972323)",1,EE352E
120,96 St,40.793919,-73.972323,"(40.793919, -73.972323)",2,EE352E
120,96 St,40.793919,-73.972323,"(40.793919, -73.972323)",3,EE352E
121,86 St,40.788644,-73.976218,"(40.788644, -73.976218)",1,EE352E
121,86 St,40.788644,-73.976218,"(40.788644, -73.976218)",2,EE352E
122,79 St,40.783934,-73.979917,"(40.783934, -73.979917)",1,EE352E
122,79 St,40.783934,-73.979917,"(40.783934, -73.979917)",2,EE352E
123,72 St,40.778453000000006,-73.98196999999999,"(40.778453, -73.98197)",1,EE352E
123,72 St,40.778453000000006,-73.98196999999999,"(40.778453, -73.98197)",2,EE352E
123,72 St,40.778453000000006,-73.98196999999999,"(40.778453, -73.98197)",3,EE352E
124,66 St - Lincoln Center,40.77344,-73.982209,"(40.77344, -73.982209)",1,EE352E
124,66 St - Lincoln Center,40.77344,-73.982209,"(40.77344, -73.982209)",2,EE352E
125,59 St - Columbus Circle,40.768246999999995,-73.98192900000001,"(40.768247, -73.981929)",1,EE352E
125,59 St - Columbus Circle,40.768246999999995,-73.98192900000001,"(40.768247, -73.981929)",2,EE352E
126,50 St,40.761728000000005,-73.98384899999999,"(40.761728, -73.983849)",1,EE352E
126,50 St,40.761728000000005,-73.98384899999999,"(40.761728, -73.983849)",2,EE352E
127,Times Sq - 42 St,40.75529,-73.987495,"(40.75529, -73.987495)",1,EE352E
127,Times Sq - 42 St,40.75529,-73.987495,"(40.75529, -73.987495)",2,EE352E
127,Times Sq - 42 St,40.75529,-73.987495,"(40.75529, -73.987495)",3,EE352E
128,34 St - Penn Station,40.750372999999996,-73.991057,"(40.750373, -73.991057)",1,EE352E
128,34 St - Penn Station,40.750372999999996,-73.991057,"(40.750373, -73.991057)",2,EE352E
128,34 St - Penn Station,40.750372999999996,-73.991057,"(40.750373, -73.991057)",3,EE352E
129,28 St,40.747215000000004,-73.993365,"(40.747215, -73.993365)",1,EE352E
129,28 St,40.747215000000004,-73.993365,"(40.747215, -73.993365)",2,EE352E
130,23 St,40.744081,-73.995657,"(40.744081, -73.995657)",1,EE352E
130,23 St,40.744081,-73.995657,"(40.744081, -73.995657)",2,EE352E
131,18 St,40.741040000000005,-73.99787099999999,"(40.74104, -73.997871)",1,EE352E
131,18 St,40.741040000000005,-73.99787099999999,"(40.74104, -73.997871)",2,EE352E
132,14 St,40.737826,-74.000201,"(40.737826, -74.000201)",1,EE352E
132,14 St,40.737826,-74.000201,"(40.737826, -74.000201)",2,EE352E
132,14 St,40.737826,-74.000201,"(40.737826, -74.000201)",3,EE352E
133,Christopher St - Sheridan Sq,40.733422,-74.00290600000001,"(40.733422, -74.002906)",1,EE352E
133,Christopher St - Sheridan Sq,40.733422,-74.00290600000001,"(40.733422, -74.002906)",2,EE352E
134,Houston St,40.728251,-74.005367,"(40.728251, -74.005367)",1,EE352E
134,Houston St,40.728251,-74.005367,"(40.728251, -74.005367)",2,EE352E
135,Canal St,40.722854,-74.006277,"(40.722854, -74.006277)",1,EE352E
135,Canal St,40.722854,-74.006277,"(40.722854, -74.006277)",2,EE352E
136,Franklin St,40.719318,-74.006886,"(40.719318, -74.006886)",1,EE352E
136,Franklin St,40.719318,-74.006886,"(40.719318, -74.006886)",2,EE352E
137,Chambers St,40.715478000000004,-74.009266,"(40.715478, -74.009266)",1,EE352E
137,Chambers St,40.715478000000004,-74.009266,"(40.715478, -74.009266)",2,EE352E
137,Chambers St,40.715478000000004,-74.009266,"(40.715478, -74.009266)",3,EE352E
138,Cortlandt St,40.711835,-74.012188,"(40.711835, -74.012188)",1,EE352E
139,Rector St,40.707513,-74.01378299999999,"(40.707513, -74.013783)",1,EE352E
140,South Ferry Loop,40.701411,-74.013205,"(40.701411, -74.013205)",1,EE352E
201,Wakefield - 241 St,40.903125,-73.85061999999999,"(40.903125, -73.85062)",2,EE352E
201,Wakefield - 241 St,40.903125,-73.85061999999999,"(40.903125, -73.85062)",5,00933C
204,Nereid Av,40.898379,-73.854376,"(40.898379, -73.854376)",2,EE352E
204,Nereid Av,40.898379,-73.854376,"(40.898379, -73.854376)",5,00933C
205,233 St,40.893193,-73.857473,"(40.893193, -73.857473)",2,EE352E
205,233 St,40.893193,-73.857473,"(40.893193, -73.857473)",5,00933C
206,225 St,40.888022,-73.860341,"(40.888022, -73.860341)",2,EE352E
206,225 St,40.888022,-73.860341,"(40.888022, -73.860341)",5,00933C
207,219 St,40.883895,-73.862633,"(40.883895, -73.862633)",2,EE352E
207,219 St,40.883895,-73.862633,"(40.883895, -73.862633)",5,00933C
208,Gun Hill Rd,40.87785,-73.866256,"(40.87785, -73.866256)",2,EE352E
208,Gun Hill Rd,40.87785,-73.866256,"(40.87785, -73.866256)",5,00933C
209,Burke Av,40.871356,-73.867164,"(40.871356, -73.867164)",2,EE352E
209,Burke Av,40.871356,-73.867164,"(40.871356, -73.867164)",5,00933C
210,Allerton Av,40.865462,-73.867352,"(40.865462, -73.867352)",2,EE352E
210,Allerton Av,40.865462,-73.867352,"(40.865462, -73.867352)",5,00933C
211,Pelham Pkwy,40.857192,-73.867615,"(40.857192, -73.867615)",2,EE352E
211,Pelham Pkwy,40.857192,-73.867615,"(40.857192, -73.867615)",5,00933C
212,Bronx Park East,40.848828000000005,-73.86845699999999,"(40.848828, -73.868457)",2,EE352E
212,Bronx Park East,40.848828000000005,-73.86845699999999,"(40.848828, -73.868457)",5,00933C
213,E 180 St,40.841894,-73.873488,"(40.841894, -73.873488)",2,EE352E
213,E 180 St,40.841894,-73.873488,"(40.841894, -73.873488)",5,00933C
214,West Farms Sq - E Tremont Av,40.840295000000005,-73.880049,"(40.840295, -73.880049)",2,EE352E
214,West Farms Sq - E Tremont Av,40.840295000000005,-73.880049,"(40.840295, -73.880049)",5,00933C
215,174 St,40.837288,-73.887734,"(40.837288, -73.887734)",2,EE352E
215,174 St,40.837288,-73.887734,"(40.837288, -73.887734)",5,00933C
216,Freeman St,40.829993,-73.891865,"(40.829993, -73.891865)",2,EE352E
216,Freeman St,40.829993,-73.891865,"(40.829993, -73.891865)",5,00933C
217,Simpson St,40.824073,-73.893064,"(40.824073, -73.893064)",2,EE352E
217,Simpson St,40.824073,-73.893064,"(40.824073, -73.893064)",5,00933C
218,Intervale Av,40.822181,-73.896736,"(40.822181, -73.896736)",2,EE352E
218,Intervale Av,40.822181,-73.896736,"(40.822181, -73.896736)",5,00933C
219,Prospect Av,40.819585,-73.90177,"(40.819585, -73.90177)",2,EE352E
219,Prospect Av,40.819585,-73.90177,"(40.819585, -73.90177)",5,00933C
220,Jackson Av,40.81649,-73.90780699999999,"(40.81649, -73.907807)",2,EE352E
220,Jackson Av,40.81649,-73.90780699999999,"(40.81649, -73.907807)",5,00933C
221,3 Av - 149 St,40.816109000000004,-73.917757,"(40.816109, -73.917757)",2,EE352E
221,3 Av - 149 St,40.816109000000004,-73.917757,"(40.816109, -73.917757)",5,00933C
222,149 St - Grand Concourse,40.81841,-73.92671800000001,"(40.81841, -73.926718)",2,EE352E
222,149 St - Grand Concourse,40.81841,-73.92671800000001,"(40.81841, -73.926718)",5,00933C
224,135 St,40.814229,-73.94077,"(40.814229, -73.94077)",2,EE352E
224,135 St,40.814229,-73.94077,"(40.814229, -73.94077)",3,EE352E
225,125 St,40.807753999999996,-73.945495,"(40.807754, -73.945495)",2,EE352E
225,125 St,40.807753999999996,-73.945495,"(40.807754, -73.945495)",3,EE352E
226,116 St,40.802098,-73.949625,"(40.802098, -73.949625)",2,EE352E
226,116 St,40.802098,-73.949625,"(40.802098, -73.949625)",3,EE352E
227,Central Park North (110 St),40.799075,-73.95182199999999,"(40.799075, -73.951822)",2,EE352E
227,Central Park North (110 St),40.799075,-73.95182199999999,"(40.799075, -73.951822)",3,EE352E
228,Park Pl,40.713051,-74.008811,"(40.713051, -74.008811)",2,EE352E
228,Park Pl,40.713051,-74.008811,"(40.713051, -74.008811)",3,EE352E
229,Fulton St,40.709416,-74.006571,"(40.709416, -74.006571)",2,EE352E
229,Fulton St,40.709416,-74.006571,"(40.709416, -74.006571)",3,EE352E
230,Wall St,40.706821000000005,-74.0091,"(40.706821, -74.0091)",2,EE352E
230,Wall St,40.706821000000005,-74.0091,"(40.706821, -74.0091)",3,EE352E
231,Clark St,40.697466,-73.993086,"(40.697466, -73.993086)",2,EE352E
231,Clark St,40.697466,-73.993086,"(40.697466, -73.993086)",3,EE352E
232,Borough Hall,40.693219,-73.989998,"(40.693219, -73.989998)",2,EE352E
232,Borough Hall,40.693219,-73.989998,"(40.693219, -73.989998)",3,EE352E
233,Hoyt St,40.690545,-73.985065,"(40.690545, -73.985065)",2,EE352E
233,Hoyt St,40.690545,-73.985065,"(40.690545, -73.985065)",3,EE352E
234,Nevins St,40.688246,-73.980492,"(40.688246, -73.980492)",2,EE352E
234,Nevins St,40.688246,-73.980492,"(40.688246, -73.980492)",3,EE352E
234,Nevins St,40.688246,-73.980492,"(40.688246, -73.980492)",4,00933C
234,Nevins St,40.688246,-73.980492,"(40.688246, -73.980492)",5,00933C
235,Atlantic Av - Barclays Ctr,40.684359,-73.977666,"(40.684359, -73.977666)",2,EE352E
235,Atlantic Av - Barclays Ctr,40.684359,-73.977666,"(40.684359, -73.977666)",3,EE352E
235,Atlantic Av - Barclays Ctr,40.684359,-73.977666,"(40.684359, -73.977666)",4,00933C
235,Atlantic Av - Barclays Ctr,40.684359,-73.977666,"(40.684359, -73.977666)",5,00933C
236,Bergen St,40.680828999999996,-73.975098,"(40.680829, -73.975098)",2,EE352E
236,Bergen St,40.680828999999996,-73.975098,"(40.680829, -73.975098)",3,EE352E
236,Bergen St,40.680828999999996,-73.975098,"(40.680829, -73.975098)",4,00933C
237,Grand Army Plaza,40.675235,-73.971046,"(40.675235, -73.971046)",2,EE352E
237,Grand Army Plaza,40.675235,-73.971046,"(40.675235, -73.971046)",3,EE352E
237,Grand Army Plaza,40.675235,-73.971046,"(40.675235, -73.971046)",4,00933C
238,Eastern Pkwy - Brooklyn Museum,40.671987,-73.964375,"(40.671987, -73.964375)",2,EE352E
238,Eastern Pkwy - Brooklyn Museum,40.671987,-73.964375,"(40.671987, -73.964375)",3,EE352E
238,Eastern Pkwy - Brooklyn Museum,40.671987,-73.964375,"(40.671987, -73.964375)",4,00933C
239,Franklin Av,40.670682,-73.95813100000001,"(40.670682, -73.958131)",2,EE352E
239,Franklin Av,40.670682,-73.95813100000001,"(40.670682, -73.958131)",3,EE352E
239,Franklin Av,40.670682,-73.95813100000001,"(40.670682, -73.958131)",4,00933C
239,Franklin Av,40.670682,-73.95813100000001,"(40.670682, -73.958131)",5,00933C
241,President St,40.667883,-73.950683,"(40.667883, -73.950683)",2,EE352E
241,President St,40.667883,-73.950683,"(40.667883, -73.950683)",5,00933C
242,Sterling St,40.662742,-73.95085,"(40.662742, -73.95085)",2,EE352E
242,Sterling St,40.662742,-73.95085,"(40.662742, -73.95085)",5,00933C
243,Winthrop St,40.656652,-73.9502,"(40.656652, -73.9502)",2,EE352E
243,Winthrop St,40.656652,-73.9502,"(40.656652, -73.9502)",5,00933C
244,Church Av,40.650843,-73.949575,"(40.650843, -73.949575)",2,EE352E
244,Church Av,40.650843,-73.949575,"(40.650843, -73.949575)",5,00933C
245,Beverly Rd,40.645098,-73.948959,"(40.645098, -73.948959)",2,EE352E
245,Beverly Rd,40.645098,-73.948959,"(40.645098, -73.948959)",5,00933C
246,Newkirk Av,40.639967,-73.948411,"(40.639967, -73.948411)",2,EE352E
246,Newkirk Av,40.639967,-73.948411,"(40.639967, -73.948411)",5,00933C
247,Flatbush Av - Brooklyn College,40.632836,-73.947642,"(40.632836, -73.947642)",2,EE352E
247,Flatbush Av - Brooklyn College,40.632836,-73.947642,"(40.632836, -73.947642)",5,00933C
248,Nostrand Av,40.669847,-73.950466,"(40.669847, -73.950466)",2,EE352E
248,Nostrand Av,40.669847,-73.950466,"(40.669847, -73.950466)",3,EE352E
248,Nostrand Av,40.669847,-73.950466,"(40.669847, -73.950466)",4,00933C
248,Nostrand Av,40.669847,-73.950466,"(40.669847, -73.950466)",5,00933C
249,Kingston Av,40.669399,-73.942161,"(40.669399, -73.942161)",2,EE352E
249,Kingston Av,40.669399,-73.942161,"(40.669399, -73.942161)",3,EE352E
249,Kingston Av,40.669399,-73.942161,"(40.669399, -73.942161)",4,00933C
249,Kingston Av,40.669399,-73.942161,"(40.669399, -73.942161)",5,00933C
250,Crown Hts - Utica Av,40.668896999999994,-73.93294200000001,"(40.668897, -73.932942)",2,EE352E
250,Crown Hts - Utica Av,40.668896999999994,-73.93294200000001,"(40.668897, -73.932942)",3,EE352E
250,Crown Hts - Utica Av,40.668896999999994,-73.93294200000001,"(40.668897, -73.932942)",4,00933C
250,Crown Hts - Utica Av,40.668896999999994,-73.93294200000001,"(40.668897, -73.932942)",5,00933C
251,Sutter Av - Rutland Rd,40.664716999999996,-73.92260999999999,"(40.664717, -73.92261)",2,EE352E
251,Sutter Av - Rutland Rd,40.664716999999996,-73.92260999999999,"(40.664717, -73.92261)",3,EE352E
251,Sutter Av - Rutland Rd,40.664716999999996,-73.92260999999999,"(40.664717, -73.92261)",4,00933C
251,Sutter Av - Rutland Rd,40.664716999999996,-73.92260999999999,"(40.664717, -73.92261)",5,00933C
252,Saratoga Av,40.661453,-73.916327,"(40.661453, -73.916327)",2,EE352E
252,Saratoga Av,40.661453,-73.916327,"(40.661453, -73.916327)",3,EE352E
252,Saratoga Av,40.661453,-73.916327,"(40.661453, -73.916327)",4,00933C
252,Saratoga Av,40.661453,-73.916327,"(40.661453, -73.916327)",5,00933C
253,Rockaway Av,40.662549,-73.908946,"(40.662549, -73.908946)",2,EE352E
253,Rockaway Av,40.662549,-73.908946,"(40.662549, -73.908946)",3,EE352E
253,Rockaway Av,40.662549,-73.908946,"(40.662549, -73.908946)",4,00933C
253,Rockaway Av,40.662549,-73.908946,"(40.662549, -73.908946)",5,00933C
254,Junius St,40.663515000000004,-73.902447,"(40.663515, -73.902447)",2,EE352E
254,Junius St,40.663515000000004,-73.902447,"(40.663515, -73.902447)",3,EE352E
254,Junius St,40.663515000000004,-73.902447,"(40.663515, -73.902447)",4,00933C
254,Junius St,40.663515000000004,-73.902447,"(40.663515, -73.902447)",5,00933C
255,Pennsylvania Av,40.664635,-73.89489499999999,"(40.664635, -73.894895)",2,EE352E
255,Pennsylvania Av,40.664635,-73.89489499999999,"(40.664635, -73.894895)",3,EE352E
255,Pennsylvania Av,40.664635,-73.89489499999999,"(40.664635, -73.894895)",4,00933C
255,Pennsylvania Av,40.664635,-73.89489499999999,"(40.664635, -73.894895)",5,00933C
256,Van Siclen Av,40.665449,-73.889395,"(40.665449, -73.889395)",2,EE352E
256,Van Siclen Av,40.665449,-73.889395,"(40.665449, -73.889395)",3,EE352E
256,Van Siclen Av,40.665449,-73.889395,"(40.665449, -73.889395)",4,00933C
256,Van Siclen Av,40.665449,-73.889395,"(40.665449, -73.889395)",5,00933C
257,New Lots Av,40.666235,-73.884079,"(40.666235, -73.884079)",2,EE352E
257,New Lots Av,40.666235,-73.884079,"(40.666235, -73.884079)",3,EE352E
257,New Lots Av,40.666235,-73.884079,"(40.666235, -73.884079)",4,00933C
257,New Lots Av,40.666235,-73.884079,"(40.666235, -73.884079)",5,00933C
301,Harlem - 148 St,40.823879999999996,-73.93647,"(40.82388, -73.93647)",3,EE352E
302,145 St,40.820421,-73.936245,"(40.820421, -73.936245)",3,EE352E
401,Woodlawn,40.886037,-73.878751,"(40.886037, -73.878751)",4,00933C
402,Mosholu Pkwy,40.87975,-73.88465500000001,"(40.87975, -73.884655)",4,00933C
405,Bedford Park Blvd - Lehman College,40.873412,-73.890064,"(40.873412, -73.890064)",4,00933C
406,Kingsbridge Rd,40.86776,-73.89717399999999,"(40.86776, -73.897174)",4,00933C
407,Fordham Rd,40.862803,-73.901034,"(40.862803, -73.901034)",4,00933C
408,183 St,40.858407,-73.903879,"(40.858407, -73.903879)",4,00933C
409,Burnside Av,40.853453,-73.907684,"(40.853453, -73.907684)",4,00933C
410,176 St,40.84848,-73.911794,"(40.84848, -73.911794)",4,00933C
411,Mt Eden Av,40.844434,-73.91468499999999,"(40.844434, -73.914685)",4,00933C
412,170 St,40.840075,-73.91779100000001,"(40.840075, -73.917791)",4,00933C
413,167 St,40.835537,-73.9214,"(40.835537, -73.9214)",4,00933C
414,161 St - Yankee Stadium,40.827994,-73.925831,"(40.827994, -73.925831)",4,00933C
415,149 St - Grand Concourse,40.818375,-73.927351,"(40.818375, -73.927351)",4,00933C
416,138 St - Grand Concourse,40.813224,-73.929849,"(40.813224, -73.929849)",4,00933C
416,138 St - Grand Concourse,40.813224,-73.929849,"(40.813224, -73.929849)",5,00933C
418,Fulton St,40.710368,-74.009509,"(40.710368, -74.009509)",4,00933C
418,Fulton St,40.710368,-74.009509,"(40.710368, -74.009509)",5,00933C
419,Wall St,40.707557,-74.011862,"(40.707557, -74.011862)",4,00933C
419,Wall St,40.707557,-74.011862,"(40.707557, -74.011862)",5,00933C
420,Bowling Green,40.704817,-74.014065,"(40.704817, -74.014065)",4,00933C
420,Bowling Green,40.704817,-74.014065,"(40.704817, -74.014065)",5,00933C
423,Borough Hall,40.692403999999996,-73.990151,"(40.692404, -73.990151)",4,00933C
423,Borough Hall,40.692403999999996,-73.990151,"(40.692404, -73.990151)",5,00933C
501,Eastchester - Dyre Av,40.8883,-73.830834,"(40.8883, -73.830834)",5,00933C
502,Baychester Av,40.878663,-73.83859100000001,"(40.878663, -73.838591)",5,00933C
503,Gun Hill Rd,40.869526,-73.846384,"(40.869526, -73.846384)",5,00933C
504,Pelham Pkwy,40.858985,-73.85535899999999,"(40.858985, -73.855359)",5,00933C
505,Morris Park,40.854364000000004,-73.860495,"(40.854364, -73.860495)",5,00933C
601,Pelham Bay Park,40.852462,-73.828121,"(40.852462, -73.828121)",6,00933C
601,Pelham Bay Park,40.852462,-73.828121,"(40.852462, -73.828121)",6X,00A65C
602,Buhre Av,40.84681,-73.83256899999999,"(40.84681, -73.832569)",6,00933C
602,Buhre Av,40.84681,-73.83256899999999,"(40.84681, -73.832569)",6X,00A65C
603,Middletown Rd,40.843863,-73.836322,"(40.843863, -73.836322)",6,00933C
603,Middletown Rd,40.843863,-73.836322,"(40.843863, -73.836322)",6X,00A65C
604,Westchester Sq - E Tremont Av,40.839892,-73.842952,"(40.839892, -73.842952)",6,00933C
604,Westchester Sq - E Tremont Av,40.839892,-73.842952,"(40.839892, -73.842952)",6X,00A65C
606,Zerega Av,40.836488,-73.847036,"(40.836488, -73.847036)",6,00933C
606,Zerega Av,40.836488,-73.847036,"(40.836488, -73.847036)",6X,00A65C
607,Castle Hill Av,40.834255,-73.85122199999999,"(40.834255, -73.851222)",6,00933C
607,Castle Hill Av,40.834255,-73.85122199999999,"(40.834255, -73.851222)",6X,00A65C
608,Parkchester,40.833226,-73.860816,"(40.833226, -73.860816)",6,00933C
608,Parkchester,40.833226,-73.860816,"(40.833226, -73.860816)",6X,00A65C
609,St Lawrence Av,40.831509000000004,-73.86761800000001,"(40.831509, -73.867618)",6,00933C
609,St Lawrence Av,40.831509000000004,-73.86761800000001,"(40.831509, -73.867618)",6X,00A65C
610,Morrison Av- Sound View,40.829521,-73.874516,"(40.829521, -73.874516)",6,00933C
610,Morrison Av- Sound View,40.829521,-73.874516,"(40.829521, -73.874516)",6X,00A65C
611,Elder Av,40.828584,-73.879159,"(40.828584, -73.879159)",6,00933C
611,Elder Av,40.828584,-73.879159,"(40.828584, -73.879159)",6X,00A65C
612,Whitlock Av,40.826525,-73.88628299999999,"(40.826525, -73.886283)",6,00933C
612,Whitlock Av,40.826525,-73.88628299999999,"(40.826525, -73.886283)",6X,00A65C
613,Hunts Point Av,40.820948,-73.890549,"(40.820948, -73.890549)",6,00933C
613,Hunts Point Av,40.820948,-73.890549,"(40.820948, -73.890549)",6X,00A65C
614,Longwood Av,40.816103999999996,-73.896435,"(40.816104, -73.896435)",6,00933C
615,E 149 St,40.812118,-73.904098,"(40.812118, -73.904098)",6,00933C
616,E 143 St - St Mary's St,40.808719,-73.907657,"(40.808719, -73.907657)",6,00933C
617,Cypress Av,40.805368,-73.91404200000001,"(40.805368, -73.914042)",6,00933C
618,Brook Av,40.807565999999994,-73.91924,"(40.807566, -73.91924)",6,00933C
619,3 Av - 138 St,40.810476,-73.926138,"(40.810476, -73.926138)",6,00933C
619,3 Av - 138 St,40.810476,-73.926138,"(40.810476, -73.926138)",6X,00A65C
621,125 St,40.804138,-73.93759399999999,"(40.804138, -73.937594)",4,00933C
621,125 St,40.804138,-73.93759399999999,"(40.804138, -73.937594)",5,00933C
621,125 St,40.804138,-73.93759399999999,"(40.804138, -73.937594)",6,00933C
621,125 St,40.804138,-73.93759399999999,"(40.804138, -73.937594)",6X,00A65C
622,116 St,40.798629,-73.94161700000001,"(40.798629, -73.941617)",4,00933C
622,116 St,40.798629,-73.94161700000001,"(40.798629, -73.941617)",6,00933C
622,116 St,40.798629,-73.94161700000001,"(40.798629, -73.941617)",6X,00A65C
623,110 St,40.79502,-73.94425,"(40.79502, -73.94425)",4,00933C
623,110 St,40.79502,-73.94425,"(40.79502, -73.94425)",6,00933C
623,110 St,40.79502,-73.94425,"(40.79502, -73.94425)",6X,00A65C
624,103 St,40.7906,-73.947478,"(40.7906, -73.947478)",4,00933C
624,103 St,40.7906,-73.947478,"(40.7906, -73.947478)",6,00933C
624,103 St,40.7906,-73.947478,"(40.7906, -73.947478)",6X,00A65C
625,96 St,40.785672,-73.95107,"(40.785672, -73.95107)",4,00933C
625,96 St,40.785672,-73.95107,"(40.785672, -73.95107)",6,00933C
625,96 St,40.785672,-73.95107,"(40.785672, -73.95107)",6X,00A65C
626,86 St,40.779492,-73.955589,"(40.779492, -73.955589)",4,00933C
626,86 St,40.779492,-73.955589,"(40.779492, -73.955589)",5,00933C
626,86 St,40.779492,-73.955589,"(40.779492, -73.955589)",6,00933C
626,86 St,40.779492,-73.955589,"(40.779492, -73.955589)",6X,00A65C
627,77 St,40.77362,-73.959874,"(40.77362, -73.959874)",4,00933C
627,77 St,40.77362,-73.959874,"(40.77362, -73.959874)",6,00933C
627,77 St,40.77362,-73.959874,"(40.77362, -73.959874)",6X,00A65C
628,68 St - Hunter College,40.768141,-73.96387,"(40.768141, -73.96387)",4,00933C
628,68 St - Hunter College,40.768141,-73.96387,"(40.768141, -73.96387)",6,00933C
628,68 St - Hunter College,40.768141,-73.96387,"(40.768141, -73.96387)",6X,00A65C
629,59 St,40.762526,-73.967967,"(40.762526, -73.967967)",4,00933C
629,59 St,40.762526,-73.967967,"(40.762526, -73.967967)",5,00933C
629,59 St,40.762526,-73.967967,"(40.762526, -73.967967)",6,00933C
629,59 St,40.762526,-73.967967,"(40.762526, -73.967967)",6X,00A65C
630,51 St,40.757107,-73.97192,"(40.757107, -73.97192)",4,00933C
630,51 St,40.757107,-73.97192,"(40.757107, -73.97192)",6,00933C
630,51 St,40.757107,-73.97192,"(40.757107, -73.97192)",6X,00A65C
631,Grand Central - 42 St,40.751776,-73.976848,"(40.751776, -73.976848)",4,00933C
631,Grand Central - 42 St,40.751776,-73.976848,"(40.751776, -73.976848)",5,00933C
631,Grand Central - 42 St,40.751776,-73.976848,"(40.751776, -73.976848)",6,00933C
631,Grand Central - 42 St,40.751776,-73.976848,"(40.751776, -73.976848)",6X,00A65C
632,33 St,40.746081,-73.982076,"(40.746081, -73.982076)",4,00933C
632,33 St,40.746081,-73.982076,"(40.746081, -73.982076)",6,00933C
632,33 St,40.746081,-73.982076,"(40.746081, -73.982076)",6X,00A65C
633,28 St,40.74307,-73.984264,"(40.74307, -73.984264)",4,00933C
633,28 St,40.74307,-73.984264,"(40.74307, -73.984264)",6,00933C
633,28 St,40.74307,-73.984264,"(40.74307, -73.984264)",6X,00A65C
634,23 St,40.739864000000004,-73.986599,"(40.739864, -73.986599)",4,00933C
634,23 St,40.739864000000004,-73.986599,"(40.739864, -73.986599)",6,00933C
634,23 St,40.739864000000004,-73.986599,"(40.739864, -73.986599)",6X,00A65C
635,14 St - Union Sq,40.734673,-73.989951,"(40.734673, -73.989951)",4,00933C
635,14 St - Union Sq,40.734673,-73.989951,"(40.734673, -73.989951)",5,00933C
635,14 St - Union Sq,40.734673,-73.989951,"(40.734673, -73.989951)",6,00933C
635,14 St - Union Sq,40.734673,-73.989951,"(40.734673, -73.989951)",6X,00A65C
636,Astor Pl,40.730053999999996,-73.99107,"(40.730054, -73.99107)",4,00933C
636,Astor Pl,40.730053999999996,-73.99107,"(40.730054, -73.99107)",6,00933C
636,Astor Pl,40.730053999999996,-73.99107,"(40.730054, -73.99107)",6X,00A65C
637,Bleecker St,40.725915,-73.994659,"(40.725915, -73.994659)",4,00933C
637,Bleecker St,40.725915,-73.994659,"(40.725915, -73.994659)",6,00933C
637,Bleecker St,40.725915,-73.994659,"(40.725915, -73.994659)",6X,00A65C
638,Spring St,40.722301,-73.997141,"(40.722301, -73.997141)",4,00933C
638,Spring St,40.722301,-73.997141,"(40.722301, -73.997141)",6,00933C
638,Spring St,40.722301,-73.997141,"(40.722301, -73.997141)",6X,00A65C
639,Canal St,40.718803,-74.00019300000001,"(40.718803, -74.000193)",4,00933C
639,Canal St,40.718803,-74.00019300000001,"(40.718803, -74.000193)",6,00933C
639,Canal St,40.718803,-74.00019300000001,"(40.718803, -74.000193)",6X,00A65C
640,Brooklyn Bridge - City Hall,40.713065,-74.004131,"(40.713065, -74.004131)",4,00933C
640,Brooklyn Bridge - City Hall,40.713065,-74.004131,"(40.713065, -74.004131)",5,00933C
640,Brooklyn Bridge - City Hall,40.713065,-74.004131,"(40.713065, -74.004131)",6,00933C
640,Brooklyn Bridge - City Hall,40.713065,-74.004131,"(40.713065, -74.004131)",6X,00A65C
701,Flushing - Main St,40.7596,-73.83003000000001,"(40.7596, -73.83003)",7,B933AD
701,Flushing - Main St,40.7596,-73.83003000000001,"(40.7596, -73.83003)",7X,B933AD
702,Mets - Willets Point,40.754622,-73.845625,"(40.754622, -73.845625)",7,B933AD
702,Mets - Willets Point,40.754622,-73.845625,"(40.754622, -73.845625)",7X,B933AD
705,111 St,40.75173,-73.855334,"(40.75173, -73.855334)",7,B933AD
706,103 St - Corona Plaza,40.749865,-73.8627,"(40.749865, -73.8627)",7,B933AD
707,Junction Blvd,40.749145,-73.869527,"(40.749145, -73.869527)",7,B933AD
707,Junction Blvd,40.749145,-73.869527,"(40.749145, -73.869527)",7X,B933AD
708,90 St - Elmhurst Av,40.748408000000005,-73.876613,"(40.748408, -73.876613)",7,B933AD
709,82 St - Jackson Hts,40.747659000000006,-73.883697,"(40.747659, -73.883697)",7,B933AD
710,74 St - Broadway,40.746848,-73.89139399999999,"(40.746848, -73.891394)",7,B933AD
711,69 St,40.746325,-73.896403,"(40.746325, -73.896403)",7,B933AD
712,Woodside - 61 St,40.74563,-73.902984,"(40.74563, -73.902984)",7,B933AD
712,Woodside - 61 St,40.74563,-73.902984,"(40.74563, -73.902984)",7X,B933AD
713,52 St,40.744149,-73.912549,"(40.744149, -73.912549)",7,B933AD
714,46 St,40.743132,-73.918435,"(40.743132, -73.918435)",7,B933AD
715,40 St,40.743781,-73.92401600000001,"(40.743781, -73.924016)",7,B933AD
716,33 St,40.744587,-73.93099699999999,"(40.744587, -73.930997)",7,B933AD
718,Queensboro Plaza,40.750582,-73.940202,"(40.750582, -73.940202)",7,B933AD
718,Queensboro Plaza,40.750582,-73.940202,"(40.750582, -73.940202)",7X,B933AD
719,Court Sq,40.747023,-73.945264,"(40.747023, -73.945264)",7,B933AD
719,Court Sq,40.747023,-73.945264,"(40.747023, -73.945264)",7X,B933AD
720,Hunters Point Av,40.742216,-73.948916,"(40.742216, -73.948916)",7,B933AD
720,Hunters Point Av,40.742216,-73.948916,"(40.742216, -73.948916)",7X,B933AD
721,Vernon Blvd - Jackson Av,40.742626,-73.953581,"(40.742626, -73.953581)",7,B933AD
721,Vernon Blvd - Jackson Av,40.742626,-73.953581,"(40.742626, -73.953581)",7X,B933AD
723,Grand Central - 42 St,40.751431,-73.97604100000001,"(40.751431, -73.976041)",7,B933AD
723,Grand Central - 42 St,40.751431,-73.97604100000001,"(40.751431, -73.976041)",7X,B933AD
724,5 Av,40.753821,-73.98196300000001,"(40.753821, -73.981963)",7,B933AD
724,5 Av,40.753821,-73.98196300000001,"(40.753821, -73.981963)",7X,B933AD
725,Times Sq - 42 St,40.755477,-73.987691,"(40.755477, -73.987691)",7,B933AD
725,Times Sq - 42 St,40.755477,-73.987691,"(40.755477, -73.987691)",7X,B933AD
726,34 St - 11 Av,40.755882,-74.00191,"(40.755882, -74.00191)",7,B933AD
726,34 St - 11 Av,40.755882,-74.00191,"(40.755882, -74.00191)",7X,B933AD
901,Grand Central - 42 St,40.752769,-73.979189,"(40.752769, -73.979189)",GS,6D6E71
902,Times Sq - 42 St,40.755983,-73.98622900000001,"(40.755983, -73.986229)",GS,6D6E71
A02,Inwood - 207 St,40.868072,-73.919899,"(40.868072, -73.919899)",A,2850AD
A03,Dyckman St,40.865491,-73.92727099999999,"(40.865491, -73.927271)",A,2850AD
A05,190 St,40.859021999999996,-73.93418,"(40.859022, -73.93418)",A,2850AD
A06,181 St,40.851695,-73.937969,"(40.851695, -73.937969)",A,2850AD
A07,175 St,40.847390999999995,-73.939704,"(40.847391, -73.939704)",A,2850AD
A09,168 St,40.840719,-73.939561,"(40.840719, -73.939561)",A,2850AD
A09,168 St,40.840719,-73.939561,"(40.840719, -73.939561)",C,2850AD
A10,163 St - Amsterdam Av,40.836013,-73.939892,"(40.836013, -73.939892)",A,2850AD
A10,163 St - Amsterdam Av,40.836013,-73.939892,"(40.836013, -73.939892)",C,2850AD
A11,155 St,40.830518,-73.941514,"(40.830518, -73.941514)",A,2850AD
A11,155 St,40.830518,-73.941514,"(40.830518, -73.941514)",C,2850AD
A12,145 St,40.824783000000004,-73.944216,"(40.824783, -73.944216)",A,2850AD
A12,145 St,40.824783000000004,-73.944216,"(40.824783, -73.944216)",B,FF6319
A12,145 St,40.824783000000004,-73.944216,"(40.824783, -73.944216)",C,2850AD
A14,135 St,40.817894,-73.947649,"(40.817894, -73.947649)",A,2850AD
A14,135 St,40.817894,-73.947649,"(40.817894, -73.947649)",B,FF6319
A14,135 St,40.817894,-73.947649,"(40.817894, -73.947649)",C,2850AD
A15,125 St,40.811109,-73.952343,"(40.811109, -73.952343)",A,2850AD
A15,125 St,40.811109,-73.952343,"(40.811109, -73.952343)",B,FF6319
A15,125 St,40.811109,-73.952343,"(40.811109, -73.952343)",C,2850AD
A15,125 St,40.811109,-73.952343,"(40.811109, -73.952343)",D,FF6319
A16,116 St,40.805085,-73.954882,"(40.805085, -73.954882)",A,2850AD
A16,116 St,40.805085,-73.954882,"(40.805085, -73.954882)",B,FF6319
A16,116 St,40.805085,-73.954882,"(40.805085, -73.954882)",C,2850AD
A17,Cathedral Pkwy (110 St),40.800603,-73.958161,"(40.800603, -73.958161)",A,2850AD
A17,Cathedral Pkwy (110 St),40.800603,-73.958161,"(40.800603, -73.958161)",B,FF6319
A17,Cathedral Pkwy (110 St),40.800603,-73.958161,"(40.800603, -73.958161)",C,2850AD
A18,103 St,40.796092,-73.961454,"(40.796092, -73.961454)",A,2850AD
A18,103 St,40.796092,-73.961454,"(40.796092, -73.961454)",B,FF6319
A18,103 St,40.796092,-73.961454,"(40.796092, -73.961454)",C,2850AD
A19,96 St,40.791641999999996,-73.96469599999999,"(40.791642, -73.964696)",A,2850AD
A19,96 St,40.791641999999996,-73.96469599999999,"(40.791642, -73.964696)",B,FF6319
A19,96 St,40.791641999999996,-73.96469599999999,"(40.791642, -73.964696)",C,2850AD
A20,86 St,40.785868,-73.96891600000001,"(40.785868, -73.968916)",A,2850AD
A20,86 St,40.785868,-73.96891600000001,"(40.785868, -73.968916)",B,FF6319
A20,86 St,40.785868,-73.96891600000001,"(40.785868, -73.968916)",C,2850AD
A21,81 St - Museum of Natural History,40.781433,-73.972143,"(40.781433, -73.972143)",A,2850AD
A21,81 St - Museum of Natural History,40.781433,-73.972143,"(40.781433, -73.972143)",B,FF6319
A21,81 St - Museum of Natural History,40.781433,-73.972143,"(40.781433, -73.972143)",C,2850AD
A22,72 St,40.775594,-73.97641,"(40.775594, -73.97641)",A,2850AD
A22,72 St,40.775594,-73.97641,"(40.775594, -73.97641)",B,FF6319
A22,72 St,40.775594,-73.97641,"(40.775594, -73.97641)",C,2850AD
A24,59 St - Columbus Circle,40.768296,-73.981736,"(40.768296, -73.981736)",A,2850AD
A24,59 St - Columbus Circle,40.768296,-73.981736,"(40.768296, -73.981736)",B,FF6319
A24,59 St - Columbus Circle,40.768296,-73.981736,"(40.768296, -73.981736)",C,2850AD
A24,59 St - Columbus Circle,40.768296,-73.981736,"(40.768296, -73.981736)",D,FF6319
A25,50 St,40.762456,-73.985984,"(40.762456, -73.985984)",A,2850AD
A25,50 St,40.762456,-73.985984,"(40.762456, -73.985984)",C,2850AD
A25,50 St,40.762456,-73.985984,"(40.762456, -73.985984)",E,2850AD
A27,42 St - Port Authority Bus Terminal,40.757308,-73.989735,"(40.757308, -73.989735)",A,2850AD
A27,42 St - Port Authority Bus Terminal,40.757308,-73.989735,"(40.757308, -73.989735)",C,2850AD
A27,42 St - Port Authority Bus Terminal,40.757308,-73.989735,"(40.757308, -73.989735)",E,2850AD
A28,34 St - Penn Station,40.752287,-73.993391,"(40.752287, -73.993391)",A,2850AD
A28,34 St - Penn Station,40.752287,-73.993391,"(40.752287, -73.993391)",C,2850AD
A28,34 St - Penn Station,40.752287,-73.993391,"(40.752287, -73.993391)",E,2850AD
A30,23 St,40.745906,-73.998041,"(40.745906, -73.998041)",A,2850AD
A30,23 St,40.745906,-73.998041,"(40.745906, -73.998041)",C,2850AD
A30,23 St,40.745906,-73.998041,"(40.745906, -73.998041)",E,2850AD
A31,14 St,40.740893,-74.00169,"(40.740893, -74.00169)",A,2850AD
A31,14 St,40.740893,-74.00169,"(40.740893, -74.00169)",C,2850AD
A31,14 St,40.740893,-74.00169,"(40.740893, -74.00169)",E,2850AD
A32,W 4 St,40.732338,-74.000495,"(40.732338, -74.000495)",A,2850AD
A32,W 4 St,40.732338,-74.000495,"(40.732338, -74.000495)",C,2850AD
A32,W 4 St,40.732338,-74.000495,"(40.732338, -74.000495)",E,2850AD
A33,Spring St,40.726227,-74.003739,"(40.726227, -74.003739)",A,2850AD
A33,Spring St,40.726227,-74.003739,"(40.726227, -74.003739)",C,2850AD
A33,Spring St,40.726227,-74.003739,"(40.726227, -74.003739)",E,2850AD
A34,Canal St,40.720824,-74.005229,"(40.720824, -74.005229)",A,2850AD
A34,Canal St,40.720824,-74.005229,"(40.720824, -74.005229)",C,2850AD
A34,Canal St,40.720824,-74.005229,"(40.720824, -74.005229)",E,2850AD
A36,Chambers St,40.714110999999995,-74.008585,"(40.714111, -74.008585)",A,2850AD
A36,Chambers St,40.714110999999995,-74.008585,"(40.714111, -74.008585)",C,2850AD
A38,Fulton St,40.710196999999994,-74.00769100000001,"(40.710197, -74.007691)",A,2850AD
A38,Fulton St,40.710196999999994,-74.00769100000001,"(40.710197, -74.007691)",C,2850AD
A40,High St,40.699337,-73.990531,"(40.699337, -73.990531)",A,2850AD
A40,High St,40.699337,-73.990531,"(40.699337, -73.990531)",C,2850AD
A41,Jay St - MetroTech,40.692338,-73.987342,"(40.692338, -73.987342)",A,2850AD
A41,Jay St - MetroTech,40.692338,-73.987342,"(40.692338, -73.987342)",C,2850AD
A41,Jay St - MetroTech,40.692338,-73.987342,"(40.692338, -73.987342)",F,FF6319
A42,Hoyt - Schermerhorn Sts,40.688484,-73.985001,"(40.688484, -73.985001)",A,2850AD
A42,Hoyt - Schermerhorn Sts,40.688484,-73.985001,"(40.688484, -73.985001)",C,2850AD
A42,Hoyt - Schermerhorn Sts,40.688484,-73.985001,"(40.688484, -73.985001)",G,6CBE45
A43,Lafayette Av,40.686113,-73.973946,"(40.686113, -73.973946)",A,2850AD
A43,Lafayette Av,40.686113,-73.973946,"(40.686113, -73.973946)",C,2850AD
A44,Clinton - Washington Avs,40.683263000000004,-73.965838,"(40.683263, -73.965838)",A,2850AD
A44,Clinton - Washington Avs,40.683263000000004,-73.965838,"(40.683263, -73.965838)",C,2850AD
A45,Franklin Av,40.68138,-73.956848,"(40.68138, -73.956848)",A,2850AD
A45,Franklin Av,40.68138,-73.956848,"(40.68138, -73.956848)",C,2850AD
A46,Nostrand Av,40.680438,-73.95042600000001,"(40.680438, -73.950426)",A,2850AD
A46,Nostrand Av,40.680438,-73.95042600000001,"(40.680438, -73.950426)",C,2850AD
A47,Kingston - Throop Avs,40.679921,-73.94085799999999,"(40.679921, -73.940858)",A,2850AD
A47,Kingston - Throop Avs,40.679921,-73.94085799999999,"(40.679921, -73.940858)",C,2850AD
A48,Utica Av,40.679364,-73.930729,"(40.679364, -73.930729)",A,2850AD
A48,Utica Av,40.679364,-73.930729,"(40.679364, -73.930729)",C,2850AD
A49,Ralph Av,40.678822,-73.92078599999999,"(40.678822, -73.920786)",A,2850AD
A49,Ralph Av,40.678822,-73.92078599999999,"(40.678822, -73.920786)",C,2850AD
A50,Rockaway Av,40.678340000000006,-73.911946,"(40.67834, -73.911946)",A,2850AD
A50,Rockaway Av,40.678340000000006,-73.911946,"(40.67834, -73.911946)",C,2850AD
A51,Broadway Jct,40.678334,-73.905316,"(40.678334, -73.905316)",A,2850AD
A51,Broadway Jct,40.678334,-73.905316,"(40.678334, -73.905316)",C,2850AD
A52,Liberty Av,40.674541999999995,-73.896548,"(40.674542, -73.896548)",A,2850AD
A52,Liberty Av,40.674541999999995,-73.896548,"(40.674542, -73.896548)",C,2850AD
A53,Van Siclen Av,40.672709999999995,-73.89035799999999,"(40.67271, -73.890358)",A,2850AD
A53,Van Siclen Av,40.672709999999995,-73.89035799999999,"(40.67271, -73.890358)",C,2850AD
A54,Shepherd Av,40.67413,-73.88075,"(40.67413, -73.88075)",A,2850AD
A54,Shepherd Av,40.67413,-73.88075,"(40.67413, -73.88075)",C,2850AD
A55,Euclid Av,40.675377000000005,-73.872106,"(40.675377, -73.872106)",A,2850AD
A55,Euclid Av,40.675377000000005,-73.872106,"(40.675377, -73.872106)",C,2850AD
A57,Grant Av,40.677044,-73.86505,"(40.677044, -73.86505)",A,2850AD
A59,80 St,40.679371,-73.858992,"(40.679371, -73.858992)",A,2850AD
A60,88 St,40.679843,-73.85146999999999,"(40.679843, -73.85147)",A,2850AD
A61,Rockaway Blvd,40.680429,-73.843853,"(40.680429, -73.843853)",A,2850AD
A63,104 St,40.681711,-73.837683,"(40.681711, -73.837683)",A,2850AD
A64,111 St,40.684331,-73.832163,"(40.684331, -73.832163)",A,2850AD
A65,Ozone Park - Lefferts Blvd,40.685951,-73.82579799999999,"(40.685951, -73.825798)",A,2850AD
B04,21 St - Queensbridge,40.754203000000004,-73.942836,"(40.754203, -73.942836)",F,FF6319
B06,Roosevelt Island,40.759145000000004,-73.95326,"(40.759145, -73.95326)",F,FF6319
B08,Lexington Av/63 St,40.764629,-73.966113,"(40.764629, -73.966113)",F,FF6319
B10,57 St,40.763971999999995,-73.97745,"(40.763972, -73.97745)",F,FF6319
B12,9 Av,40.646291999999995,-73.994324,"(40.646292, -73.994324)",D,FF6319
B13,Fort Hamilton Pkwy,40.640914,-73.994304,"(40.640914, -73.994304)",D,FF6319
B14,50 St,40.63626,-73.994791,"(40.63626, -73.994791)",D,FF6319
B15,55 St,40.631434999999996,-73.995476,"(40.631435, -73.995476)",D,FF6319
B16,62 St,40.626472,-73.996895,"(40.626472, -73.996895)",D,FF6319
B17,71 St,40.619589000000005,-73.998864,"(40.619589, -73.998864)",D,FF6319
B18,79 St,40.613501,-74.00061,"(40.613501, -74.00061)",D,FF6319
B19,18 Av,40.607954,-74.001736,"(40.607954, -74.001736)",D,FF6319
B20,20 Av,40.604556,-73.998168,"(40.604556, -73.998168)",D,FF6319
B21,Bay Pkwy,40.601875,-73.993728,"(40.601875, -73.993728)",D,FF6319
B22,25 Av,40.597704,-73.986829,"(40.597704, -73.986829)",D,FF6319
B23,Bay 50 St,40.588840999999995,-73.983765,"(40.588841, -73.983765)",D,FF6319
D01,Norwood - 205 St,40.874811,-73.878855,"(40.874811, -73.878855)",D,FF6319
D03,Bedford Park Blvd,40.873244,-73.88713800000001,"(40.873244, -73.887138)",B,FF6319
D03,Bedford Park Blvd,40.873244,-73.88713800000001,"(40.873244, -73.887138)",D,FF6319
D04,Kingsbridge Rd,40.866978,-73.893509,"(40.866978, -73.893509)",B,FF6319
D04,Kingsbridge Rd,40.866978,-73.893509,"(40.866978, -73.893509)",D,FF6319
D05,Fordham Rd,40.861296,-73.897749,"(40.861296, -73.897749)",B,FF6319
D05,Fordham Rd,40.861296,-73.897749,"(40.861296, -73.897749)",D,FF6319
D06,182-183 Sts,40.856093,-73.900741,"(40.856093, -73.900741)",B,FF6319
D06,182-183 Sts,40.856093,-73.900741,"(40.856093, -73.900741)",D,FF6319
D07,Tremont Av,40.85041,-73.905227,"(40.85041, -73.905227)",B,FF6319
D07,Tremont Av,40.85041,-73.905227,"(40.85041, -73.905227)",D,FF6319
D08,174-175 Sts,40.8459,-73.910136,"(40.8459, -73.910136)",B,FF6319
D08,174-175 Sts,40.8459,-73.910136,"(40.8459, -73.910136)",D,FF6319
D09,170 St,40.839306,-73.9134,"(40.839306, -73.9134)",B,FF6319
D09,170 St,40.839306,-73.9134,"(40.839306, -73.9134)",D,FF6319
D10,167 St,40.833771,-73.91844,"(40.833771, -73.91844)",B,FF6319
D10,167 St,40.833771,-73.91844,"(40.833771, -73.91844)",D,FF6319
D11,161 St - Yankee Stadium,40.827905,-73.925651,"(40.827905, -73.925651)",B,FF6319
D11,161 St - Yankee Stadium,40.827905,-73.925651,"(40.827905, -73.925651)",D,FF6319
D12,155 St,40.830135,-73.938209,"(40.830135, -73.938209)",B,FF6319
D12,155 St,40.830135,-73.938209,"(40.830135, -73.938209)",D,FF6319
D13,145 St,40.824783000000004,-73.944216,"(40.824783, -73.944216)",B,FF6319
D13,145 St,40.824783000000004,-73.944216,"(40.824783, -73.944216)",D,FF6319
D14,7 Av,40.762862,-73.981637,"(40.762862, -73.981637)",B,FF6319
D14,7 Av,40.762862,-73.981637,"(40.762862, -73.981637)",D,FF6319
D14,7 Av,40.762862,-73.981637,"(40.762862, -73.981637)",E,2850AD
D15,47-50 Sts - Rockefeller Ctr,40.758663,-73.981329,"(40.758663, -73.981329)",B,FF6319
D15,47-50 Sts - Rockefeller Ctr,40.758663,-73.981329,"(40.758663, -73.981329)",D,FF6319
D15,47-50 Sts - Rockefeller Ctr,40.758663,-73.981329,"(40.758663, -73.981329)",F,FF6319
D15,47-50 Sts - Rockefeller Ctr,40.758663,-73.981329,"(40.758663, -73.981329)",M,FF6319
D16,42 St - Bryant Pk,40.754222,-73.984569,"(40.754222, -73.984569)",B,FF6319
D16,42 St - Bryant Pk,40.754222,-73.984569,"(40.754222, -73.984569)",D,FF6319
D16,42 St - Bryant Pk,40.754222,-73.984569,"(40.754222, -73.984569)",F,FF6319
D16,42 St - Bryant Pk,40.754222,-73.984569,"(40.754222, -73.984569)",M,FF6319
D17,34 St - Herald Sq,40.749719,-73.98782299999999,"(40.749719, -73.987823)",B,FF6319
D17,34 St - Herald Sq,40.749719,-73.98782299999999,"(40.749719, -73.987823)",D,FF6319
D17,34 St - Herald Sq,40.749719,-73.98782299999999,"(40.749719, -73.987823)",F,FF6319
D17,34 St - Herald Sq,40.749719,-73.98782299999999,"(40.749719, -73.987823)",M,FF6319
D18,23 St,40.742878000000005,-73.99282099999999,"(40.742878, -73.992821)",F,FF6319
D18,23 St,40.742878000000005,-73.99282099999999,"(40.742878, -73.992821)",M,FF6319
D19,14 St,40.738228,-73.996209,"(40.738228, -73.996209)",F,FF6319
D19,14 St,40.738228,-73.996209,"(40.738228, -73.996209)",M,FF6319
D20,W 4 St,40.732338,-74.000495,"(40.732338, -74.000495)",B,FF6319
D20,W 4 St,40.732338,-74.000495,"(40.732338, -74.000495)",D,FF6319
D20,W 4 St,40.732338,-74.000495,"(40.732338, -74.000495)",F,FF6319
D20,W 4 St,40.732338,-74.000495,"(40.732338, -74.000495)",M,FF6319
D21,Broadway-Lafayette St,40.725297,-73.996204,"(40.725297, -73.996204)",B,FF6319
D21,Broadway-Lafayette St,40.725297,-73.996204,"(40.725297, -73.996204)",D,FF6319
D21,Broadway-Lafayette St,40.725297,-73.996204,"(40.725297, -73.996204)",F,FF6319
D21,Broadway-Lafayette St,40.725297,-73.996204,"(40.725297, -73.996204)",M,FF6319
D22,Grand St,40.718267,-73.993753,"(40.718267, -73.993753)",B,FF6319
D22,Grand St,40.718267,-73.993753,"(40.718267, -73.993753)",D,FF6319
D24,Atlantic Av - Barclays Ctr,40.684459999999994,-73.97689,"(40.68446, -73.97689)",B,FF6319
D24,Atlantic Av - Barclays Ctr,40.684459999999994,-73.97689,"(40.68446, -73.97689)",Q,FCCC0A
D25,7 Av,40.67705,-73.972367,"(40.67705, -73.972367)",B,FF6319
D25,7 Av,40.67705,-73.972367,"(40.67705, -73.972367)",Q,FCCC0A
D26,Prospect Park,40.661614,-73.962246,"(40.661614, -73.962246)",B,FF6319
D26,Prospect Park,40.661614,-73.962246,"(40.661614, -73.962246)",FS,
D26,Prospect Park,40.661614,-73.962246,"(40.661614, -73.962246)",Q,FCCC0A
D27,Parkside Av,40.655291999999996,-73.961495,"(40.655292, -73.961495)",Q,FCCC0A
D28,Church Av,40.650527000000004,-73.962982,"(40.650527, -73.962982)",B,FF6319
D28,Church Av,40.650527000000004,-73.962982,"(40.650527, -73.962982)",Q,FCCC0A
D29,Beverley Rd,40.644031,-73.964492,"(40.644031, -73.964492)",Q,FCCC0A
D30,Cortelyou Rd,40.640927000000005,-73.963891,"(40.640927, -73.963891)",Q,FCCC0A
D31,Newkirk Plaza,40.635082000000004,-73.962793,"(40.635082, -73.962793)",B,FF6319
D31,Newkirk Plaza,40.635082000000004,-73.962793,"(40.635082, -73.962793)",Q,FCCC0A
D32,Avenue H,40.62927,-73.961639,"(40.62927, -73.961639)",Q,FCCC0A
D33,Avenue J,40.625039,-73.960803,"(40.625039, -73.960803)",Q,FCCC0A
D34,Avenue M,40.617618,-73.959399,"(40.617618, -73.959399)",Q,FCCC0A
D35,Kings Hwy,40.608670000000004,-73.957734,"(40.60867, -73.957734)",B,FF6319
D35,Kings Hwy,40.608670000000004,-73.957734,"(40.60867, -73.957734)",Q,FCCC0A
D37,Avenue U,40.5993,-73.955929,"(40.5993, -73.955929)",Q,FCCC0A
D38,Neck Rd,40.595246,-73.955161,"(40.595246, -73.955161)",Q,FCCC0A
D39,Sheepshead Bay,40.586896,-73.954155,"(40.586896, -73.954155)",B,FF6319
D39,Sheepshead Bay,40.586896,-73.954155,"(40.586896, -73.954155)",Q,FCCC0A
D40,Brighton Beach,40.577621,-73.961376,"(40.577621, -73.961376)",B,FF6319
D40,Brighton Beach,40.577621,-73.961376,"(40.577621, -73.961376)",Q,FCCC0A
D41,Ocean Pkwy,40.576312,-73.968501,"(40.576312, -73.968501)",Q,FCCC0A
D42,W 8 St - NY Aquarium,40.576127,-73.975939,"(40.576127, -73.975939)",F,FF6319
D42,W 8 St - NY Aquarium,40.576127,-73.975939,"(40.576127, -73.975939)",Q,FCCC0A
D43,Coney Island - Stillwell Av,40.577422,-73.98123299999999,"(40.577422, -73.981233)",D,FF6319
D43,Coney Island - Stillwell Av,40.577422,-73.98123299999999,"(40.577422, -73.981233)",F,FF6319
D43,Coney Island - Stillwell Av,40.577422,-73.98123299999999,"(40.577422, -73.981233)",N,FCCC0A
D43,Coney Island - Stillwell Av,40.577422,-73.98123299999999,"(40.577422, -73.981233)",Q,FCCC0A
E01,World Trade Center,40.712582,-74.009781,"(40.712582, -74.009781)",E,2850AD
F01,Jamaica - 179 St,40.712646,-73.783817,"(40.712646, -73.783817)",E,2850AD
F01,Jamaica - 179 St,40.712646,-73.783817,"(40.712646, -73.783817)",F,FF6319
F02,169 St,40.71047,-73.793604,"(40.71047, -73.793604)",F,FF6319
F03,Parsons Blvd,40.707564,-73.803326,"(40.707564, -73.803326)",E,2850AD
F03,Parsons Blvd,40.707564,-73.803326,"(40.707564, -73.803326)",F,FF6319
F04,Sutphin Blvd,40.705459999999995,-73.81070799999999,"(40.70546, -73.810708)",F,FF6319
F05,Briarwood - Van Wyck Blvd,40.709179,-73.820574,"(40.709179, -73.820574)",E,2850AD
F05,Briarwood - Van Wyck Blvd,40.709179,-73.820574,"(40.709179, -73.820574)",F,FF6319
F06,Kew Gardens - Union Tpke,40.714441,-73.831008,"(40.714441, -73.831008)",E,2850AD
F06,Kew Gardens - Union Tpke,40.714441,-73.831008,"(40.714441, -73.831008)",F,FF6319
F07,75 Av,40.718331,-73.837324,"(40.718331, -73.837324)",E,2850AD
F07,75 Av,40.718331,-73.837324,"(40.718331, -73.837324)",F,FF6319
F09,Court Sq,40.747846,-73.946,"(40.747846, -73.946)",E,2850AD
F09,Court Sq,40.747846,-73.946,"(40.747846, -73.946)",M,FF6319
F11,Lexington Av/53 St,40.757552000000004,-73.96905500000001,"(40.757552, -73.969055)",E,2850AD
F11,Lexington Av/53 St,40.757552000000004,-73.96905500000001,"(40.757552, -73.969055)",M,FF6319
F12,5 Av/53 St,40.760166999999996,-73.975224,"(40.760167, -73.975224)",E,2850AD
F12,5 Av/53 St,40.760166999999996,-73.975224,"(40.760167, -73.975224)",M,FF6319
F14,2 Av,40.723402,-73.989938,"(40.723402, -73.989938)",F,FF6319
F15,Delancey St,40.718610999999996,-73.988114,"(40.718611, -73.988114)",F,FF6319
F16,East Broadway,40.713715,-73.990173,"(40.713715, -73.990173)",F,FF6319
F18,York St,40.701397,-73.986751,"(40.701397, -73.986751)",F,FF6319
F20,Bergen St,40.686145,-73.99086199999999,"(40.686145, -73.990862)",F,FF6319
F20,Bergen St,40.686145,-73.99086199999999,"(40.686145, -73.990862)",G,6CBE45
F21,Carroll St,40.680303,-73.995048,"(40.680303, -73.995048)",F,FF6319
F21,Carroll St,40.680303,-73.995048,"(40.680303, -73.995048)",G,6CBE45
F22,Smith - 9 Sts,40.67358,-73.995959,"(40.67358, -73.995959)",F,FF6319
F22,Smith - 9 Sts,40.67358,-73.995959,"(40.67358, -73.995959)",G,6CBE45
F23,4 Av,40.670272,-73.989779,"(40.670272, -73.989779)",F,FF6319
F23,4 Av,40.670272,-73.989779,"(40.670272, -73.989779)",G,6CBE45
F24,7 Av,40.666271,-73.980305,"(40.666271, -73.980305)",F,FF6319
F24,7 Av,40.666271,-73.980305,"(40.666271, -73.980305)",G,6CBE45
F25,15 St - Prospect Park,40.660365000000006,-73.979493,"(40.660365, -73.979493)",F,FF6319
F25,15 St - Prospect Park,40.660365000000006,-73.979493,"(40.660365, -73.979493)",G,6CBE45
F26,Fort Hamilton Pkwy,40.650782,-73.975776,"(40.650782, -73.975776)",F,FF6319
F26,Fort Hamilton Pkwy,40.650782,-73.975776,"(40.650782, -73.975776)",G,6CBE45
F27,Church Av,40.644040999999994,-73.979678,"(40.644041, -73.979678)",F,FF6319
F27,Church Av,40.644040999999994,-73.979678,"(40.644041, -73.979678)",G,6CBE45
F29,Ditmas Av,40.636119,-73.978172,"(40.636119, -73.978172)",F,FF6319
F30,18 Av,40.629754999999996,-73.97697099999999,"(40.629755, -73.976971)",F,FF6319
F31,Avenue I,40.625322,-73.976127,"(40.625322, -73.976127)",F,FF6319
F32,Bay Pkwy,40.620769,-73.975264,"(40.620769, -73.975264)",F,FF6319
F33,Avenue N,40.615140000000004,-73.974197,"(40.61514, -73.974197)",F,FF6319
F34,Avenue P,40.608944,-73.973022,"(40.608944, -73.973022)",F,FF6319
F35,Kings Hwy,40.603217,-73.97236099999999,"(40.603217, -73.972361)",F,FF6319
F36,Avenue U,40.596063,-73.973357,"(40.596063, -73.973357)",F,FF6319
F38,Avenue X,40.589620000000004,-73.97425,"(40.58962, -73.97425)",F,FF6319
F39,Neptune Av,40.581011,-73.974574,"(40.581011, -73.974574)",F,FF6319
G05,Jamaica Center - Parsons/Archer,40.702147,-73.801109,"(40.702147, -73.801109)",E,2850AD
G05,Jamaica Center - Parsons/Archer,40.702147,-73.801109,"(40.702147, -73.801109)",J,996633
G05,Jamaica Center - Parsons/Archer,40.702147,-73.801109,"(40.702147, -73.801109)",Z,996633
G06,Sutphin Blvd - Archer Av - JFK Airport,40.700486,-73.807969,"(40.700486, -73.807969)",E,2850AD
G06,Sutphin Blvd - Archer Av - JFK Airport,40.700486,-73.807969,"(40.700486, -73.807969)",J,996633
G06,Sutphin Blvd - Archer Av - JFK Airport,40.700486,-73.807969,"(40.700486, -73.807969)",Z,996633
G07,Jamaica - Van Wyck,40.702566,-73.816859,"(40.702566, -73.816859)",E,2850AD
G08,Forest Hills - 71 Av,40.721691,-73.844521,"(40.721691, -73.844521)",E,2850AD
G08,Forest Hills - 71 Av,40.721691,-73.844521,"(40.721691, -73.844521)",F,FF6319
G08,Forest Hills - 71 Av,40.721691,-73.844521,"(40.721691, -73.844521)",M,FF6319
G08,Forest Hills - 71 Av,40.721691,-73.844521,"(40.721691, -73.844521)",R,FCCC0A
G09,67 Av,40.726523,-73.852719,"(40.726523, -73.852719)",E,2850AD
G09,67 Av,40.726523,-73.852719,"(40.726523, -73.852719)",M,FF6319
G09,67 Av,40.726523,-73.852719,"(40.726523, -73.852719)",R,FCCC0A
G10,63 Dr - Rego Park,40.729846,-73.861604,"(40.729846, -73.861604)",E,2850AD
G10,63 Dr - Rego Park,40.729846,-73.861604,"(40.729846, -73.861604)",M,FF6319
G10,63 Dr - Rego Park,40.729846,-73.861604,"(40.729846, -73.861604)",R,FCCC0A
G11,Woodhaven Blvd,40.733106,-73.869229,"(40.733106, -73.869229)",E,2850AD
G11,Woodhaven Blvd,40.733106,-73.869229,"(40.733106, -73.869229)",M,FF6319
G11,Woodhaven Blvd,40.733106,-73.869229,"(40.733106, -73.869229)",R,FCCC0A
G12,Grand Av - Newtown,40.737015,-73.877223,"(40.737015, -73.877223)",E,2850AD
G12,Grand Av - Newtown,40.737015,-73.877223,"(40.737015, -73.877223)",M,FF6319
G12,Grand Av - Newtown,40.737015,-73.877223,"(40.737015, -73.877223)",R,FCCC0A
G13,Elmhurst Av,40.742453999999995,-73.882017,"(40.742454, -73.882017)",E,2850AD
G13,Elmhurst Av,40.742453999999995,-73.882017,"(40.742454, -73.882017)",M,FF6319
G13,Elmhurst Av,40.742453999999995,-73.882017,"(40.742454, -73.882017)",R,FCCC0A
G14,Jackson Hts - Roosevelt Av,40.746644,-73.891338,"(40.746644, -73.891338)",E,2850AD
G14,Jackson Hts - Roosevelt Av,40.746644,-73.891338,"(40.746644, -73.891338)",F,FF6319
G14,Jackson Hts - Roosevelt Av,40.746644,-73.891338,"(40.746644, -73.891338)",M,FF6319
G14,Jackson Hts - Roosevelt Av,40.746644,-73.891338,"(40.746644, -73.891338)",R,FCCC0A
G15,65 St,40.749669,-73.898453,"(40.749669, -73.898453)",E,2850AD
G15,65 St,40.749669,-73.898453,"(40.749669, -73.898453)",M,FF6319
G15,65 St,40.749669,-73.898453,"(40.749669, -73.898453)",R,FCCC0A
G16,Northern Blvd,40.752885,-73.906006,"(40.752885, -73.906006)",E,2850AD
G16,Northern Blvd,40.752885,-73.906006,"(40.752885, -73.906006)",M,FF6319
G16,Northern Blvd,40.752885,-73.906006,"(40.752885, -73.906006)",R,FCCC0A
G18,46 St,40.756312,-73.913333,"(40.756312, -73.913333)",E,2850AD
G18,46 St,40.756312,-73.913333,"(40.756312, -73.913333)",M,FF6319
G18,46 St,40.756312,-73.913333,"(40.756312, -73.913333)",R,FCCC0A
G19,Steinway St,40.756879,-73.92074000000001,"(40.756879, -73.92074)",E,2850AD
G19,Steinway St,40.756879,-73.92074000000001,"(40.756879, -73.92074)",M,FF6319
G19,Steinway St,40.756879,-73.92074000000001,"(40.756879, -73.92074)",R,FCCC0A
G20,36 St,40.752039,-73.928781,"(40.752039, -73.928781)",E,2850AD
G20,36 St,40.752039,-73.928781,"(40.752039, -73.928781)",M,FF6319
G20,36 St,40.752039,-73.928781,"(40.752039, -73.928781)",R,FCCC0A
G21,Queens Plaza,40.748973,-73.93724300000001,"(40.748973, -73.937243)",E,2850AD
G21,Queens Plaza,40.748973,-73.93724300000001,"(40.748973, -73.937243)",M,FF6319
G21,Queens Plaza,40.748973,-73.93724300000001,"(40.748973, -73.937243)",R,FCCC0A
G22,Court Sq,40.746553999999996,-73.943832,"(40.746554, -73.943832)",G,6CBE45
G24,21 St,40.744065,-73.949724,"(40.744065, -73.949724)",G,6CBE45
G26,Greenpoint Av,40.731352,-73.954449,"(40.731352, -73.954449)",G,6CBE45
G28,Nassau Av,40.724635,-73.951277,"(40.724635, -73.951277)",G,6CBE45
G29,Metropolitan Av,40.712792,-73.951418,"(40.712792, -73.951418)",G,6CBE45
G30,Broadway,40.706092,-73.95030799999999,"(40.706092, -73.950308)",G,6CBE45
G31,Flushing Av,40.700377,-73.950234,"(40.700377, -73.950234)",G,6CBE45
G32,Myrtle - Willoughby Avs,40.694568,-73.949046,"(40.694568, -73.949046)",G,6CBE45
G33,Bedford - Nostrand Avs,40.689627,-73.95352199999999,"(40.689627, -73.953522)",G,6CBE45
G34,Classon Av,40.688873,-73.96007,"(40.688873, -73.96007)",G,6CBE45
G35,Clinton - Washington Avs,40.688089,-73.96683900000001,"(40.688089, -73.966839)",G,6CBE45
G36,Fulton St,40.687119,-73.975375,"(40.687119, -73.975375)",G,6CBE45
H01,Aqueduct Racetrack,40.668234000000005,-73.834058,"(40.668234, -73.834058)",A,2850AD
H02,Aqueduct - N Conduit Av,40.668234000000005,-73.834058,"(40.668234, -73.834058)",A,2850AD
H03,Howard Beach - JFK Airport,40.660476,-73.830301,"(40.660476, -73.830301)",A,2850AD
H04,Broad Channel,40.608382,-73.815925,"(40.608382, -73.815925)",A,2850AD
H04,Broad Channel,40.608382,-73.815925,"(40.608382, -73.815925)",H,
H06,Beach 67 St,40.590927,-73.796924,"(40.590927, -73.796924)",A,2850AD
H07,Beach 60 St,40.592374,-73.788522,"(40.592374, -73.788522)",A,2850AD
H08,Beach 44 St,40.592943,-73.776013,"(40.592943, -73.776013)",A,2850AD
H09,Beach 36 St,40.595397999999996,-73.768175,"(40.595398, -73.768175)",A,2850AD
H10,Beach 25 St,40.600066,-73.761353,"(40.600066, -73.761353)",A,2850AD
H11,Far Rockaway - Mott Av,40.603995,-73.75540500000001,"(40.603995, -73.755405)",A,2850AD
H12,Beach 90 St,40.588034,-73.813641,"(40.588034, -73.813641)",A,2850AD
H12,Beach 90 St,40.588034,-73.813641,"(40.588034, -73.813641)",H,
H13,Beach 98 St,40.585307,-73.82055799999999,"(40.585307, -73.820558)",A,2850AD
H13,Beach 98 St,40.585307,-73.82055799999999,"(40.585307, -73.820558)",H,
H14,Beach 105 St,40.583209000000004,-73.827559,"(40.583209, -73.827559)",A,2850AD
H14,Beach 105 St,40.583209000000004,-73.827559,"(40.583209, -73.827559)",H,
H15,Rockaway Park - Beach 116 St,40.580903,-73.835592,"(40.580903, -73.835592)",A,2850AD
H15,Rockaway Park - Beach 116 St,40.580903,-73.835592,"(40.580903, -73.835592)",H,
J12,121 St,40.700492,-73.828294,"(40.700492, -73.828294)",J,996633
J12,121 St,40.700492,-73.828294,"(40.700492, -73.828294)",Z,996633
J13,111 St,40.697418,-73.836345,"(40.697418, -73.836345)",J,996633
J14,104 St,40.695178000000006,-73.84433,"(40.695178, -73.84433)",J,996633
J14,104 St,40.695178000000006,-73.84433,"(40.695178, -73.84433)",Z,996633
J15,Woodhaven Blvd,40.693878999999995,-73.851576,"(40.693879, -73.851576)",J,996633
J15,Woodhaven Blvd,40.693878999999995,-73.851576,"(40.693879, -73.851576)",Z,996633
J16,85 St - Forest Pkwy,40.692434999999996,-73.86001,"(40.692435, -73.86001)",J,996633
J17,75 St,40.691324,-73.867139,"(40.691324, -73.867139)",J,996633
J17,75 St,40.691324,-73.867139,"(40.691324, -73.867139)",Z,996633
J19,Cypress Hills,40.689941,-73.87255,"(40.689941, -73.87255)",J,996633
J20,Crescent St,40.683194,-73.873785,"(40.683194, -73.873785)",J,996633
J20,Crescent St,40.683194,-73.873785,"(40.683194, -73.873785)",Z,996633
J21,Norwood Av,40.68141,-73.880039,"(40.68141, -73.880039)",J,996633
J21,Norwood Av,40.68141,-73.880039,"(40.68141, -73.880039)",Z,996633
J22,Cleveland St,40.679947,-73.884639,"(40.679947, -73.884639)",J,996633
J23,Van Siclen Av,40.678024,-73.891688,"(40.678024, -73.891688)",J,996633
J23,Van Siclen Av,40.678024,-73.891688,"(40.678024, -73.891688)",Z,996633
J24,Alabama Av,40.676992,-73.89865400000001,"(40.676992, -73.898654)",J,996633
J24,Alabama Av,40.676992,-73.89865400000001,"(40.676992, -73.898654)",Z,996633
J27,Broadway Jct,40.679497999999995,-73.904512,"(40.679498, -73.904512)",J,996633
J27,Broadway Jct,40.679497999999995,-73.904512,"(40.679498, -73.904512)",Z,996633
J28,Chauncey St,40.682893,-73.91045600000001,"(40.682893, -73.910456)",J,996633
J28,Chauncey St,40.682893,-73.91045600000001,"(40.682893, -73.910456)",Z,996633
J29,Halsey St,40.686370000000004,-73.91655899999999,"(40.68637, -73.916559)",J,996633
J30,Gates Av,40.68963,-73.92227,"(40.68963, -73.92227)",J,996633
J30,Gates Av,40.68963,-73.92227,"(40.68963, -73.92227)",Z,996633
J31,Kosciuszko St,40.693342,-73.928814,"(40.693342, -73.928814)",J,996633
L01,8 Av,40.739777000000004,-74.002578,"(40.739777, -74.002578)",L,A7A9AC
L02,6 Av,40.737334999999995,-73.996786,"(40.737335, -73.996786)",L,A7A9AC
L03,Union Sq - 14 St,40.734789,-73.99073,"(40.734789, -73.99073)",L,A7A9AC
L05,3 Av,40.732849,-73.986122,"(40.732849, -73.986122)",L,A7A9AC
L06,1 Av,40.730953,-73.981628,"(40.730953, -73.981628)",L,A7A9AC
L08,Bedford Av,40.717304,-73.956872,"(40.717304, -73.956872)",L,A7A9AC
L10,Lorimer St,40.714063,-73.950275,"(40.714063, -73.950275)",L,A7A9AC
L11,Graham Av,40.714565,-73.944053,"(40.714565, -73.944053)",L,A7A9AC
L12,Grand St,40.711926,-73.94067,"(40.711926, -73.94067)",L,A7A9AC
L13,Montrose Av,40.707739000000004,-73.93985,"(40.707739, -73.93985)",L,A7A9AC
L14,Morgan Av,40.706152,-73.93314699999999,"(40.706152, -73.933147)",L,A7A9AC
L15,Jefferson St,40.706607,-73.922913,"(40.706607, -73.922913)",L,A7A9AC
L16,DeKalb Av,40.703811,-73.918425,"(40.703811, -73.918425)",L,A7A9AC
L17,Myrtle - Wyckoff Avs,40.699814,-73.911586,"(40.699814, -73.911586)",L,A7A9AC
L19,Halsey St,40.695602,-73.904084,"(40.695602, -73.904084)",L,A7A9AC
L20,Wilson Av,40.688764,-73.904046,"(40.688764, -73.904046)",L,A7A9AC
L21,Bushwick Av - Aberdeen St,40.682829,-73.905249,"(40.682829, -73.905249)",L,A7A9AC
L22,Broadway Jct,40.678856,-73.90324,"(40.678856, -73.90324)",L,A7A9AC
L24,Atlantic Av,40.675345,-73.903097,"(40.675345, -73.903097)",L,A7A9AC
L25,Sutter Av,40.669367,-73.901975,"(40.669367, -73.901975)",L,A7A9AC
L26,Livonia Av,40.664038,-73.900571,"(40.664038, -73.900571)",L,A7A9AC
L27,New Lots Av,40.658733000000005,-73.899232,"(40.658733, -73.899232)",L,A7A9AC
L28,E 105 St,40.650573,-73.899485,"(40.650573, -73.899485)",L,A7A9AC
L29,Canarsie - Rockaway Pkwy,40.646654,-73.90185,"(40.646654, -73.90185)",L,A7A9AC
M01,Middle Village - Metropolitan Av,40.711396,-73.889601,"(40.711396, -73.889601)",M,FF6319
M04,Fresh Pond Rd,40.706185999999995,-73.895877,"(40.706186, -73.895877)",M,FF6319
M05,Forest Av,40.704423,-73.903077,"(40.704423, -73.903077)",M,FF6319
M06,Seneca Av,40.702762,-73.90774,"(40.702762, -73.90774)",M,FF6319
M08,Myrtle - Wyckoff Avs,40.69943,-73.912385,"(40.69943, -73.912385)",M,FF6319
M09,Knickerbocker Av,40.698664,-73.91971099999999,"(40.698664, -73.919711)",M,FF6319
M10,Central Av,40.697857,-73.927397,"(40.697857, -73.927397)",M,FF6319
M11,Myrtle Av,40.697207,-73.93565699999999,"(40.697207, -73.935657)",J,996633
M11,Myrtle Av,40.697207,-73.93565699999999,"(40.697207, -73.935657)",M,FF6319
M11,Myrtle Av,40.697207,-73.93565699999999,"(40.697207, -73.935657)",Z,996633
M12,Flushing Av,40.70026,-73.941126,"(40.70026, -73.941126)",J,996633
M12,Flushing Av,40.70026,-73.941126,"(40.70026, -73.941126)",M,FF6319
M13,Lorimer St,40.703869,-73.947408,"(40.703869, -73.947408)",J,996633
M13,Lorimer St,40.703869,-73.947408,"(40.703869, -73.947408)",M,FF6319
M14,Hewes St,40.70687,-73.95343100000001,"(40.70687, -73.953431)",J,996633
M14,Hewes St,40.70687,-73.95343100000001,"(40.70687, -73.953431)",M,FF6319
M16,Marcy Av,40.708359,-73.957757,"(40.708359, -73.957757)",J,996633
M16,Marcy Av,40.708359,-73.957757,"(40.708359, -73.957757)",M,FF6319
M16,Marcy Av,40.708359,-73.957757,"(40.708359, -73.957757)",Z,996633
M18,Essex St,40.718315000000004,-73.987437,"(40.718315, -73.987437)",J,996633
M18,Essex St,40.718315000000004,-73.987437,"(40.718315, -73.987437)",M,FF6319
M18,Essex St,40.718315000000004,-73.987437,"(40.718315, -73.987437)",Z,996633
M19,Bowery,40.720279999999995,-73.993915,"(40.72028, -73.993915)",J,996633
M19,Bowery,40.720279999999995,-73.993915,"(40.72028, -73.993915)",Z,996633
M20,Canal St,40.718092,-73.999892,"(40.718092, -73.999892)",J,996633
M20,Canal St,40.718092,-73.999892,"(40.718092, -73.999892)",Z,996633
M21,Chambers St,40.713243,-74.003401,"(40.713243, -74.003401)",J,996633
M21,Chambers St,40.713243,-74.003401,"(40.713243, -74.003401)",Z,996633
M22,Fulton St,40.710374,-74.007582,"(40.710374, -74.007582)",J,996633
M22,Fulton St,40.710374,-74.007582,"(40.710374, -74.007582)",Z,996633
M23,Broad St,40.706476,-74.01105600000001,"(40.706476, -74.011056)",J,996633
M23,Broad St,40.706476,-74.01105600000001,"(40.706476, -74.011056)",Z,996633
N02,8 Av,40.635064,-74.011719,"(40.635064, -74.011719)",N,FCCC0A
N03,Fort Hamilton Pkwy,40.631386,-74.005351,"(40.631386, -74.005351)",N,FCCC0A
N04,New Utrecht Av,40.624842,-73.996353,"(40.624842, -73.996353)",N,FCCC0A
N05,18 Av,40.620671,-73.990414,"(40.620671, -73.990414)",N,FCCC0A
N06,20 Av,40.61741,-73.985026,"(40.61741, -73.985026)",N,FCCC0A
N07,Bay Pkwy,40.611815,-73.981848,"(40.611815, -73.981848)",N,FCCC0A
N08,Kings Hwy,40.603922999999995,-73.98035300000001,"(40.603923, -73.980353)",N,FCCC0A
N09,Avenue U,40.597473,-73.979137,"(40.597473, -73.979137)",N,FCCC0A
N10,86 St,40.592721000000004,-73.97823000000001,"(40.592721, -73.97823)",N,FCCC0A
Q01,Canal St,40.718383,-74.00046,"(40.718383, -74.00046)",N,FCCC0A
Q01,Canal St,40.718383,-74.00046,"(40.718383, -74.00046)",Q,FCCC0A
R01,Astoria - Ditmars Blvd,40.775036,-73.91203399999999,"(40.775036, -73.912034)",N,FCCC0A
R01,Astoria - Ditmars Blvd,40.775036,-73.91203399999999,"(40.775036, -73.912034)",Q,FCCC0A
R03,Astoria Blvd,40.770258,-73.917843,"(40.770258, -73.917843)",N,FCCC0A
R03,Astoria Blvd,40.770258,-73.917843,"(40.770258, -73.917843)",Q,FCCC0A
R04,30 Av,40.766779,-73.921479,"(40.766779, -73.921479)",N,FCCC0A
R04,30 Av,40.766779,-73.921479,"(40.766779, -73.921479)",Q,FCCC0A
R05,Broadway,40.76182,-73.925508,"(40.76182, -73.925508)",N,FCCC0A
R05,Broadway,40.76182,-73.925508,"(40.76182, -73.925508)",Q,FCCC0A
R06,36 Av,40.756803999999995,-73.929575,"(40.756804, -73.929575)",N,FCCC0A
R06,36 Av,40.756803999999995,-73.929575,"(40.756804, -73.929575)",Q,FCCC0A
R08,39 Av,40.752882,-73.932755,"(40.752882, -73.932755)",N,FCCC0A
R08,39 Av,40.752882,-73.932755,"(40.752882, -73.932755)",Q,FCCC0A
R09,Queensboro Plaza,40.750582,-73.940202,"(40.750582, -73.940202)",N,FCCC0A
R09,Queensboro Plaza,40.750582,-73.940202,"(40.750582, -73.940202)",Q,FCCC0A
R11,Lexington Av/59 St,40.76266,-73.967258,"(40.76266, -73.967258)",N,FCCC0A
R11,Lexington Av/59 St,40.76266,-73.967258,"(40.76266, -73.967258)",Q,FCCC0A
R11,Lexington Av/59 St,40.76266,-73.967258,"(40.76266, -73.967258)",R,FCCC0A
R13,5 Av/59 St,40.764811,-73.973347,"(40.764811, -73.973347)",N,FCCC0A
R13,5 Av/59 St,40.764811,-73.973347,"(40.764811, -73.973347)",Q,FCCC0A
R13,5 Av/59 St,40.764811,-73.973347,"(40.764811, -73.973347)",R,FCCC0A
R14,57 St - 7 Av,40.764664,-73.98065799999999,"(40.764664, -73.980658)",N,FCCC0A
R14,57 St - 7 Av,40.764664,-73.98065799999999,"(40.764664, -73.980658)",Q,FCCC0A
R14,57 St - 7 Av,40.764664,-73.98065799999999,"(40.764664, -73.980658)",R,FCCC0A
R15,49 St,40.759901,-73.984139,"(40.759901, -73.984139)",N,FCCC0A
R15,49 St,40.759901,-73.984139,"(40.759901, -73.984139)",Q,FCCC0A
R15,49 St,40.759901,-73.984139,"(40.759901, -73.984139)",R,FCCC0A
R16,Times Sq - 42 St,40.754672,-73.986754,"(40.754672, -73.986754)",N,FCCC0A
R16,Times Sq - 42 St,40.754672,-73.986754,"(40.754672, -73.986754)",Q,FCCC0A
R16,Times Sq - 42 St,40.754672,-73.986754,"(40.754672, -73.986754)",R,FCCC0A
R17,34 St - Herald Sq,40.749567,-73.98795,"(40.749567, -73.98795)",N,FCCC0A
R17,34 St - Herald Sq,40.749567,-73.98795,"(40.749567, -73.98795)",Q,FCCC0A
R17,34 St - Herald Sq,40.749567,-73.98795,"(40.749567, -73.98795)",R,FCCC0A
R18,28 St,40.745494,-73.988691,"(40.745494, -73.988691)",N,FCCC0A
R18,28 St,40.745494,-73.988691,"(40.745494, -73.988691)",Q,FCCC0A
R18,28 St,40.745494,-73.988691,"(40.745494, -73.988691)",R,FCCC0A
R19,23 St,40.741303,-73.98934399999999,"(40.741303, -73.989344)",N,FCCC0A
R19,23 St,40.741303,-73.98934399999999,"(40.741303, -73.989344)",Q,FCCC0A
R19,23 St,40.741303,-73.98934399999999,"(40.741303, -73.989344)",R,FCCC0A
R20,14 St - Union Sq,40.735735999999996,-73.99056800000001,"(40.735736, -73.990568)",N,FCCC0A
R20,14 St - Union Sq,40.735735999999996,-73.99056800000001,"(40.735736, -73.990568)",Q,FCCC0A
R20,14 St - Union Sq,40.735735999999996,-73.99056800000001,"(40.735736, -73.990568)",R,FCCC0A
R21,8 St - NYU,40.730328,-73.99262900000001,"(40.730328, -73.992629)",N,FCCC0A
R21,8 St - NYU,40.730328,-73.99262900000001,"(40.730328, -73.992629)",Q,FCCC0A
R21,8 St - NYU,40.730328,-73.99262900000001,"(40.730328, -73.992629)",R,FCCC0A
R22,Prince St,40.724329,-73.997702,"(40.724329, -73.997702)",N,FCCC0A
R22,Prince St,40.724329,-73.997702,"(40.724329, -73.997702)",Q,FCCC0A
R22,Prince St,40.724329,-73.997702,"(40.724329, -73.997702)",R,FCCC0A
R23,Canal St,40.719527,-74.001775,"(40.719527, -74.001775)",N,FCCC0A
R23,Canal St,40.719527,-74.001775,"(40.719527, -74.001775)",R,FCCC0A
R24,City Hall,40.713282,-74.006978,"(40.713282, -74.006978)",N,FCCC0A
R24,City Hall,40.713282,-74.006978,"(40.713282, -74.006978)",R,FCCC0A
R25,Cortlandt St,40.710668,-74.01102900000001,"(40.710668, -74.011029)",N,FCCC0A
R25,Cortlandt St,40.710668,-74.01102900000001,"(40.710668, -74.011029)",R,FCCC0A
R26,Rector St,40.70722,-74.01334200000001,"(40.70722, -74.013342)",N,FCCC0A
R26,Rector St,40.70722,-74.01334200000001,"(40.70722, -74.013342)",R,FCCC0A
R27,Whitehall St,40.703087,-74.01299399999999,"(40.703087, -74.012994)",N,FCCC0A
R27,Whitehall St,40.703087,-74.01299399999999,"(40.703087, -74.012994)",R,FCCC0A
R28,Court St,40.6941,-73.991777,"(40.6941, -73.991777)",N,FCCC0A
R28,Court St,40.6941,-73.991777,"(40.6941, -73.991777)",R,FCCC0A
R29,Jay St - MetroTech,40.69218,-73.98594200000001,"(40.69218, -73.985942)",N,FCCC0A
R29,Jay St - MetroTech,40.69218,-73.98594200000001,"(40.69218, -73.985942)",R,FCCC0A
R30,DeKalb Av,40.690635,-73.981824,"(40.690635, -73.981824)",B,FF6319
R30,DeKalb Av,40.690635,-73.981824,"(40.690635, -73.981824)",D,FF6319
R30,DeKalb Av,40.690635,-73.981824,"(40.690635, -73.981824)",N,FCCC0A
R30,DeKalb Av,40.690635,-73.981824,"(40.690635, -73.981824)",Q,FCCC0A
R30,DeKalb Av,40.690635,-73.981824,"(40.690635, -73.981824)",R,FCCC0A
R31,Atlantic Av - Barclays Ctr,40.683665999999995,-73.97881,"(40.683666, -73.97881)",D,FF6319
R31,Atlantic Av - Barclays Ctr,40.683665999999995,-73.97881,"(40.683666, -73.97881)",N,FCCC0A
R31,Atlantic Av - Barclays Ctr,40.683665999999995,-73.97881,"(40.683666, -73.97881)",R,FCCC0A
R32,Union St,40.677316,-73.98311,"(40.677316, -73.98311)",D,FF6319
R32,Union St,40.677316,-73.98311,"(40.677316, -73.98311)",N,FCCC0A
R32,Union St,40.677316,-73.98311,"(40.677316, -73.98311)",R,FCCC0A
R33,9 St,40.670846999999995,-73.988302,"(40.670847, -73.988302)",D,FF6319
R33,9 St,40.670846999999995,-73.988302,"(40.670847, -73.988302)",N,FCCC0A
R33,9 St,40.670846999999995,-73.988302,"(40.670847, -73.988302)",R,FCCC0A
R34,Prospect Av,40.665414,-73.99287199999999,"(40.665414, -73.992872)",D,FF6319
R34,Prospect Av,40.665414,-73.99287199999999,"(40.665414, -73.992872)",N,FCCC0A
R34,Prospect Av,40.665414,-73.99287199999999,"(40.665414, -73.992872)",R,FCCC0A
R35,25 St,40.660396999999996,-73.998091,"(40.660397, -73.998091)",D,FF6319
R35,25 St,40.660396999999996,-73.998091,"(40.660397, -73.998091)",N,FCCC0A
R35,25 St,40.660396999999996,-73.998091,"(40.660397, -73.998091)",R,FCCC0A
R36,36 St,40.655144,-74.00354899999999,"(40.655144, -74.003549)",D,FF6319
R36,36 St,40.655144,-74.00354899999999,"(40.655144, -74.003549)",N,FCCC0A
R36,36 St,40.655144,-74.00354899999999,"(40.655144, -74.003549)",R,FCCC0A
R39,45 St,40.648939,-74.010006,"(40.648939, -74.010006)",N,FCCC0A
R39,45 St,40.648939,-74.010006,"(40.648939, -74.010006)",R,FCCC0A
R40,53 St,40.645069,-74.014034,"(40.645069, -74.014034)",N,FCCC0A
R40,53 St,40.645069,-74.014034,"(40.645069, -74.014034)",R,FCCC0A
R41,59 St,40.641362,-74.017881,"(40.641362, -74.017881)",N,FCCC0A
R41,59 St,40.641362,-74.017881,"(40.641362, -74.017881)",R,FCCC0A
R42,Bay Ridge Av,40.634966999999996,-74.023377,"(40.634967, -74.023377)",R,FCCC0A
R43,77 St,40.629742,-74.02551,"(40.629742, -74.02551)",R,FCCC0A
R44,86 St,40.622687,-74.028398,"(40.622687, -74.028398)",R,FCCC0A
R45,Bay Ridge - 95 St,40.616622,-74.030876,"(40.616622, -74.030876)",R,FCCC0A
S01,Franklin Av,40.680596,-73.955827,"(40.680596, -73.955827)",FS,
S03,Park Pl,40.674772,-73.957624,"(40.674772, -73.957624)",FS,
S04,Botanic Garden,40.670343,-73.959245,"(40.670343, -73.959245)",FS,
S09,Tottenville,40.512764000000004,-74.251961,"(40.512764, -74.251961)",SI,
S10,Atlantic,40.515401000000004,-74.245689,"(40.515401, -74.245689)",SI,
S12,Nassau,40.517812,-74.238373,"(40.517812, -74.238373)",SI,
S13,Richmond Valley,40.519631,-74.229141,"(40.519631, -74.229141)",SI,
S14,Pleasant Plains,40.52241,-74.21784699999999,"(40.52241, -74.217847)",SI,
S15,Prince's Bay,40.525507,-74.200064,"(40.525507, -74.200064)",SI,
S16,Huguenot,40.533674,-74.19179399999999,"(40.533674, -74.191794)",SI,
S17,Annadale,40.540459999999996,-74.178217,"(40.54046, -74.178217)",SI,
S18,Eltingville,40.544601,-74.16457,"(40.544601, -74.16457)",SI,
S19,Great Kills,40.551231,-74.151399,"(40.551231, -74.151399)",SI,
S20,Bay Terrace,40.5564,-74.136907,"(40.5564, -74.136907)",SI,
S21,Oakwood Heights,40.56511,-74.12631999999999,"(40.56511, -74.12632)",SI,
S22,New Dorp,40.573479999999996,-74.11721,"(40.57348, -74.11721)",SI,
S23,Grant City,40.578965000000004,-74.10970400000001,"(40.578965, -74.109704)",SI,
S24,Jefferson Av,40.583591,-74.103338,"(40.583591, -74.103338)",SI,
S25,Dongan Hills,40.588848999999996,-74.09609,"(40.588849, -74.09609)",SI,
S26,Old Town,40.596612,-74.08736800000001,"(40.596612, -74.087368)",SI,
S27,Grasmere,40.603117,-74.084087,"(40.603117, -74.084087)",SI,
S28,Clifton,40.621319,-74.071402,"(40.621319, -74.071402)",SI,
S29,Stapleton,40.627915,-74.075162,"(40.627915, -74.075162)",SI,
S30,Tompkinsville,40.636949,-74.074835,"(40.636949, -74.074835)",SI,
S31,St George,40.643747999999995,-74.073643,"(40.643748, -74.073643)",SI,
